关键字内容,
21世纪中国基金会,
B样,
八老,
白立朴,
白梦,
白皮书,
鲍戈,
鲍彤,
暴政,
北大三角地论坛,
北韩,
北京当局,
北京之春,
北美自由论坛,
屄,
逼样,
婊子,
博讯,
蔡崇国,
操逼,
操比,
操蛋,
操你,
操你妈,
操他,
曹长青,
曹刚川,
插你,
柴玲,
常劲,
车仑,
陈炳基,
陈军,
陈蒙,
陈破空,
陈希同,
陈小同,
陈宣良,
陈一谘,
陈总统,
程凯,
程铁军,
程真,
迟浩田,
持不同政见,
赤匪,
赤化,
出卖,
春夏自由论坛,
达赖,
打倒,
打炮,
大b,
大逼,
大比,
大参考,
大花逼,
大纪元新闻网,
大纪园,
大家论坛,
大史,
大史记,
大中国论坛,
大中华论坛,
大众真人真事,
弹劾,
登辉,
邓小平,
邓笑贫,
迪里夏提,
地下教会,
地下刊物,
第四代,
电视流氓,
钓鱼岛,
丁关根,
丁元,
丁子霖,
东北独立,
东方红时空,
东方时空,
东南西北论谈,
东社,
东土耳其斯坦,
东西南北论坛,
动乱,
独裁,
独裁政治,
独夫,
独立台湾会,
杜智富,
多维,
屙民,
俄国,
二B,
二逼,
发愣,
发抡,
发抡功,
发伦,
发论公,
发论功,
发骚,
发正念,
法lun功,
法功,
法愣,
法仑,
法伦,
法十轮十功,
法谪,
法谪功,
反封锁,
反封锁技术,
反腐败论坛,
反攻,
反人类,
反社会,
方励之,
方舟子,
飞扬论坛,
费良勇,
分家在,
分裂,
粉饰太平,
风雨神州,
风雨神州论坛,
封从德,
封杀,
冯东海,
冯素英,
佛展千手法,
阝月,
付申奇,
傅申奇,
傅志寰,
干你娘,
干死你,
肛门,
高文谦,
高薪养廉,
高瞻,
高自联,
睾丸,
戈扬,
鸽派,
歌功颂德,
蛤蟆,
个人崇拜,
工力,
工自联,
功法,
共产党,
共党,
共匪,
共狗,
共军,
狗b,
狗操,
狗卵子,
狗娘,
狗屎,
关卓中,
贯通两极法,
广闻,
龟公,
龟头,
郭罗基,
郭平,
郭岩华,
国家安全,
国家机密,
国贼,
哈批,
韩东方,
韩联潮,
汉奸,
何德普,
河殇,
红灯区,
红色恐怖,
宏法,
洪传,
洪吟,
洪哲胜,
胡紧掏,
胡锦滔,
胡锦淘,
胡景涛,
胡平,
胡总书记,
护法,
花花公子,
华通时事论坛,
华夏文摘,
华语世界论坛,
华岳时事论坛,
黄慈萍,
黄祸,
黄菊　,
黄翔,
回民暴,
回民暴动,
悔过书,
鸡八,
鸡巴,
鸡毛信文汇,
姬胜德,
积克馆,
贾廷安,
贾育台,
奸淫,
建国党,
贱逼,
贱比,
贱货,
贱人,
江core,
江ze民,
江八点,
江流氓,
江罗,
江绵恒,
江青,
江戏子,
江则民,
江泽慧,
江泽民,
江澤民,
江贼,
江贼民,
江折民,
江猪,
江猪媳,
江主席,
姜春云,
将则民,
僵贼,
僵贼民,
讲法,
酱猪媳,
交班,
教养院,
接班,
揭批书,
金尧如,
锦涛,
禁看,
经文,
精液,
精子,
开放杂志,
看中国,
抗议,
靠你妈,
狂操,
邝锦文,
烂逼,
烂比,
烂货,
劳动教养所,
劳改,
劳教,
老江,
老毛,
老人政治,
黎安友,
李大师,
李登辉,
李红痔,
李宏志,
李兰菊,
李岚清,
李录,
李禄,
李鹏,
李瑞环,
李少民,
李淑娴,
李旺阳,
李文斌,
李小朋,
李小鹏,
李月月鸟,
李志绥,
李总理,
李总统,
连胜德,
联总,
廉政大论坛,
炼功,
梁光烈,
梁擎墩,
两岸关系,
两岸三地论坛,
两个中国,
两会,
两会报道,
两会新闻,
廖锡龙,
林保华,
林长盛,
林樵清,
林慎立,
凌锋,
刘宾深,
刘宾雁,
刘国凯,
刘华清,
刘俊国,
刘凯中,
刘千石,
刘山青,
龙虎豹,
陆委会,
吕京花,
吕秀莲,
绿色环保手机,
抡功,
伦功,
轮大,
轮功,
轮奸,
罗干,
罗礼诗,
妈批,
马大维,
马良骏,
马三家,
马时敏,
卖逼,
卖比,
卖国,
瞒报,
毛厕洞,
毛片,
毛贼东,
美国参考,
蒙独,
蒙古独,
蒙古独立,
密穴,
绵恒,
民国,
民进党,
民联,
民意,
民意论坛,
民阵,
民主墙,
民族矛盾,
莫伟强,
木犀地,
木子论坛,
奶子,
南大自由论坛,
闹事,
倪育贤,
你爸,
你妈的,
你娘,
你说我说论坛,
牛逼,
牛比,
潘国平,
泡沫经济,
喷你,
屁眼,
破鞋,
祁建,
齐墨,
钱达,
钱国梁,
钱其琛,
强奸,
抢粮记,
乔石,
亲美,
亲日,
钦本立,
秦晋,
青天白日旗,
轻舟快讯,
情妇,
庆红,
去你妈的,
全国两会,
群奸,
热比娅,
热站政论网,
人民内情真相,
人民真实,
人民之声论坛,
日内瓦金融,
日你,
日死你,
乳房,
瑞士金融大学,
骚货,
傻B,
傻逼,
善恶有报,
上访,
上海帮,
上海孤儿院,
邵家健,
射精,
神通加持法,
沈彤,
盛华仁,
盛雪,
失密,
师父,
十八摸,
十六大,
石戈,
时代论坛,
时事论坛,
世界经济导报,
事实独立,
收容所,
数据中国,
双十节,
氵去,
氵去车仑工力,
水扁,
税力,
司马晋,
司马璐,
司徒华,
斯诺,
四川独,
四川独立,
宋xx,
宋平,
宋书元,
宋祖英,
苏绍智,
苏晓康,
他妈,
他妈的,
他母亲,
台独,
台盟,
台湾独,
台湾独立,
台湾狗,
台湾建国运动组织,
台湾青年独立联盟,
台湾政论区,
台湾自由联盟,
太子党,
汤光中,
唐柏桥,
唐捷,
滕文生,
天安门,
天安门录影带,
天安门屠杀,
天安门一代,
天怒,
天葬,
童屹,
统独,
统独论坛,
统战,
屠杀,
推翻,
外交论坛,
外交与方略,
晚年周恩来,
万润南,
万维读者论坛,
万晓东,
汪岷,
王宝森,
王炳章,
王策,
王超华,
王辅臣,
王涵万,
王沪宁,
王军涛,
王力雄,
王瑞林,
王润生,
王若望,
王希哲,
王冶坪,
网特,
尉健行,
魏京生,
魏新生,
温家宝,
温元凯,
我操,
我操你,
吴百益,
吴邦国,
吴方城,
吴官正,
吴弘达,
吴宏达,
吴仁华,
吴学灿,
吴学璨,
吾尔开希,
五不,
伍凡,
下体,
项怀诚,
项小吉,
小参考,
小鸡鸡,
小灵通,
肖强,
谢长廷,
谢选骏,
谢中之,
辛灏年,
新观察论坛,
新华举报,
新华内情,
新华通论坛,
新疆独,
新疆独立,
新生网,
新闻封锁,
新语丝,
信用危机,
邢铮,
性交,
熊炎,
徐邦秦,
徐才厚,
徐匡迪,
徐水良,
许家屯,
薛伟,
学潮,
学联,
学运,
学自联,
雪山狮子,
严家其,
严家祺,
阎明复,
颜射,
央视内部晚会,
杨怀安,
杨建利,
杨巍,
杨月清,
杨周,
姚月谦,
夜话紫禁城,
一中一台,
义解,
亦凡,
异见人士,
异议人士,
易丹轩,
易志熹,
阴唇,
阴道,
阴蒂,
阴水,
淫荡,
淫穴,
尹庆民,
由喜贵,
幼齿,
于大海,
于浩成,
余英时,
舆论反制,
宇明网,
远志明,
岳武,
杂种,
则民,
贼民,
曾培炎,
曾庆红,
张伯笠,
张钢,
张宏堡,
张万年,
张伟国,
张昭富,
张志清,
招妓,
赵海青,
赵南,
赵品潞,
赵晓微,
赵紫阳,
哲民,
争鸣论坛,
正见网,
正义党论坛,
郑义,
郑源,
政权,
政治反对派,
政治犯,
支那,
指点江山论坛,
中俄边界,
中功,
中国复兴论坛,
中国孤儿院,
中国和平,
中国论坛,
中国社会进步党,
中国社会论坛,
中国威胁论,
中国问题论坛,
中国移动通信,
中国真实内容,
中国之春,
中国猪,
中华大地,
中华大众,
中华讲清,
中华民国,
中华人民实话实说,
中华人民正邪,
中华时事,
中华养生益智功,
中华真实报道,
钟山风雨论坛,
周锋锁,
周天法,
朱嘉明,
朱琳,
朱毛,
朱容基,
朱溶剂,
朱镕基,
猪操,
猪聋畸,
猪毛,
猪毛1,
自民党,
自已的故事,
自由民主论坛,
作秀,
做爱,
法轮功,
真善忍,
新唐人,
肉棍,
淫靡,
淫水,
六四事件,
迷昏药,
窃听器,
买卖枪支,
三唑仑,
麻醉药,
麻醉乙醚,
短信群发器,
帝国之梦,
毛一鲜,
黎阳平,
色情服务,
对日强硬,
出售枪支,
迷药,
摇头丸,
鬼村,
军长发威,
PK黑社会,
恶搞晚会,
枪决女犯,
投毒杀人,
强硬发言,
出售假币,
监听王,
昏药,
侦探设备,
麻醉钢枪,
反华,
官商勾结,
升达毕业证,
手机复制,
戴海静,
自杀指南,
自杀手册,
张小平,
佳静安定片,
蒙汗药粉,
古方迷香,
强效失意药,
迷奸药,
透视眼镜,
远程偷拍,
自制手枪,
子女任职名单,
激情小电影,
黄色小电影,
色情小电影,
天鹅之旅,
盘古乐队,
高校暴乱,
高校群体事件,
大学骚乱,
高校骚乱,
催情药,
拍肩神药,
春药,
窃听器材,
身份证生成器,
枪决现场,
出售手枪,
麻醉枪,
办理证件,
办理文凭,
疆独,
高干子弟,
高干子女,
枪支弹药,
血腥图片,
反政府,
禁书,
无界浏览器,
特码,
反共,
成人片,
换妻,
法轮,
falun,
falundafa,
zhuanfalu,
民运,
dafa,
唐人电视台,
大法,
新唐人电视台,
李洪志,
转法轮,
六合彩,
六合采,
共铲党,
九评,
九评共产党,
人民报,
明慧,
明慧网,
大纪元,
大 纪元,
退党,
六四,
天安门事件,
自由亚州,
无界浏览,
极景,
无界,
无网界浏览,
无网界,
美国之音,
自由亚洲,
色情网站,
色情,
情色,
口交,
阴茎,
阴毛,
性虐待,
黄色网站,
成人网站,
成人小说,
成人文学,
成人影视,
黄色影视,
黄色小说,
黄色文学,
成人图片,
黄色图片,
黄色漫画,
成人漫画,
成人电影,
三级片,
黄色电影,
坐台,
应召,
应招,
妓女,
成人论坛,
手机铃声下载,
铃声下载,
手机铃声,
和弦,
手机游戏,
性免费电影,
小电影,
暴力,
星相,
占卜,
算命,
成人类,
两性,
性爱,
性事,
性游戏,
性高潮,
性欲,
两性狂情,
赤裸,
色欲,
情欲,
销魂,
夜激情,
调情,
失身,
春宵,
女优,
绳虐,
叫床,
破处,
裸体,
色诱,
喷血,
波波,
声色,
骚,
春宫,
巨乳,
巨波,
爆乳,
素人,
熟女,
痴女,
痴母,
禁片,
禁区,
偷拍,
乱伦,
群交,
肛交,
群P,
内射,
少儿误入,
18岁以下勿入/看,
处女终结者,
隐私,
热辣,
等你上来,
干柴烈火,
你敢上吗,
猛料,
美少女,
云雨,
艾斯海提·克里木拜,
安立敏,
巴特尔,
巴音朝鲁,
白春礼,
白恩培,
白景富,
白立忱,
白志健,
薄熙来,
不来提不都热西提,
蔡继华,
蔡挺,
蔡振华,
曹建明,
曹康泰,
曹清,
常万全,
陈宝生,
陈炳德,
陈车,
陈川平,
陈存根,
陈德铭,
陈国令,
陈冀平,
陈际瓦,
陈建国,
陈奎元,
陈雷,
陈敏尔,
陈润儿,
陈文清,
陈希,
陈新权,
陈训秋,
陈元,
陈政高,
陈至,
陈左宁,
迟万春,
仇保兴,
戴秉国,
戴相龙,
旦科,
刀林荫,
邓昌友,
邓天生,
邓楠,
翟渠,
翟小衡,
董贵山,
董万才,
杜恒岩,
杜鹃,
杜青林,
杜学芳,
杜宇新,
段录定,
范长龙,
范印华,
房峰辉,
冯敏刚,
冯寿淼,
符贵,
符强,
符跃兰,
傅成玉,
傅雯娟,
干以胜,
高强,
高武生,
葛振峰,
勾清明,
光祖,
郭伯雄,
郭庚茂,
郭金龙,
郭声琨,
郭树清,
郭炎炎,
郭永平,
韩长赋,
韩正,
何峰,
何平,
何勇,
贺邦靖,
贺国强,
胡春华,
胡锦涛,
胡晓炼,
胡玉敏,
胡泽君,
胡振民,
华建敏,
黄殿中,
黄华华,
黄建国,
黄康生,
黄晴宜,
黄树贤,
黄献中,
黄兴国,
黄作兴,
回良玉,
吉炳轩,
贾安,
贾庆林,
贾治邦,
姜大明,
姜建清,
姜伟新,
姜异康,
江泽林,
蒋峰,
蒋洁敏,
蒋文兰,
焦焕成,
金道铭,
金书波,
金振吉,
金壮龙,
靖志远,
康日新,
雷春美,
冷溶,
李安东,
李斌,
李长才,
李长春,
李长江,
李成玉,
李崇禧,
李从军,
李法泉,
李刚,
李海峰,
李汉柏,
李鸿忠,
李洪峰,
李继耐,
李纪恒,
李建国,
李金城,
李金章,
李景田,
李康,
李克,
李克强,
李立国,
李买富,
李荣融,
李盛霖,
李世明,
李适时,
李熙,
李希,
李小雪,
李学举,
李学勇,
李延芝,
李毅中,
李玉赋,
李玉妹,
李源潮,
李兆焯,
梁保华,
廖晖,
列确,
林军,
林明月,
林树森,
林左鸣,
令狐安,
令计划,
刘成军,
刘春良,
刘冬冬,
刘慧,
刘家义,
刘建华,
刘京,
刘明康,
刘鹏,
刘奇葆,
刘源,
刘粤军,
刘云山,
刘志军,
刘淇,
柳斌杰,
楼继伟,
卢展工,
路甬祥,
鹿心社,
陆兵,
陆浩,
吕祖善,
罗保铭,
罗清泉,
罗正富,
罗志军,
骆惠宁,
骆琳,
马凯,
马晓天,
马志鹏,
马飚,
马馼,
梅克保,
孟建柱,
孟学农,
苗圩,
年福纯,
聂卫国,
努尔白克力,
欧泽高,
潘云鹤,
彭枫,
彭清华,
钱运录,
强卫,
秦光荣,
秦银河,
邱学强,
屈万祥,
全哲洙,
仁青加,
任亚平,
尚勇,
邵明立,
邵琪伟,
申维辰,
沈德咏,
沈素琍,
沈跃跃,
吴双战,
吴新雄,
吴玉良,
吴毓萍,
武吉海,
习近平,
项波,
项宗西,
向巴平措,
肖钢,
肖捷,
肖亚庆,
谢和平,
谢旭人,
邢元敏,
徐斌,
徐粉林,
徐光春,
徐敬业,
徐乐江,
徐绍史,
徐守,
徐天亮,
徐一天,
许达哲,
许其亮,
许云昭,
薛延忠,
焉荣竹,
杨崇汇,
杨传升,
杨传堂,
杨刚,
杨焕宁,
杨建亭,
杨洁篪,
杨晶,
杨利民,
杨利伟,
杨士秋,
杨松,
杨衍银,
杨元元,
姚增科,
叶冬松,
叶青纯,
一平,
殷一璀,
尹蔚民,
尤权,
于起龙,
于幼军,
余欣荣,
余远辉,
俞正声,
喻林祥,
袁纯清,
袁贵仁,
袁家军,
袁荣祥,
岳福洪,
詹文龙,
章沁生,
张宝顺,
张成寅,
张春贤,
张德江,
张高丽,
张耕,
张国清,
张海阳,
张惠新,
张基,
张纪南,
张建平,
张杰,
张军,
张连珍,
张庆黎,
张庆伟,
张汝成,
张仕波,
张铁健,
张文岳,
张晓刚,
张轩,
张研农,
张阳,
张裔炯,
张毅,
张又侠,
张玉台,
张云川,
张左己,
张岱梨,
赵爱明,
赵洪祝,
赵克石,
赵乐际,
赵铁锤,
赵宪庚,
郑中,
支树平,
中朝,
周伯华,
周川,
周济,
周强,
周生贤,
周英,
周永康,
朱保成,
朱丹,
朱明国,
朱维群,
朱之鑫,
祝春林,
谌贻琴,
奚国华,
闵维方,
臧献甫,
斐得勒,
褚益民,
竺延风,
雒树刚,
藏独,
石大华,
石宗源,
史莲喜,
舒晓琴,
司马义·铁力瓦尔地,
宋爱荣,
宋秀岩,
宋育英,
苏荣,
苏士亮,
苏树林,
孙宝树,
孙春兰,
孙大发,
孙建国,
孙金龙,
孙思敬,
孙晓群,
孙政才,
孙忠同,
汤涛,
田成平,
田力普,
田修思,
铁凝,
童世平,
汪洋,
王东明,
王刚,
王冠中,
王光亚,
王国生,
王和民,
王鸿举,
王洪章,
王华庆,
王华元,
王家瑞,
王建平,
王金山,
王俊莲,
王乐泉,
王莉莉,
王立英,
王明方,
王荣,
王儒林,
王三运,
王胜俊,
王寿祥,
王太华,
王万宾,
王为璐,
王伟,
王伟光,
王喜斌,
王侠,
王宪魁,
王晓初,
王新宪,
王旭东,
王学军,
王毅,
王勇,
王玉普,
王兆国,
王正福,
王正伟,
王志刚,
王忠民,
王岐山,
魏凤和,
魏家福,
魏礼群,
卫留成,
乌云其木格,
吴爱,
吴定富,
吴胜利,
发论,
发票,
发情,
发囵,
法 轮 功,
法.轮.功,
法L功,
法会,
法抡,
法抡功,
法轮大法,
法轮佛法,
法沦,
法纶,
法论,
法正,
法輪,
法囵,
珐.輪功,
反腐败,
反革命,
反攻大陆,
反日,
放屁,
放入春药,
非典,
废除劳教签名,
废统,
分裂中国,
分裂中华人民共和国,
粉嫩小洞,
封杀酱猪媳,
风波记,
风骚,
腐败,
复转军人,
该 死,
干 你 妈,
高潮,
高官,
高利贷,
功友,
共产,
共黨,
狗逼,
孤独,
古怪歌,
古兰经,
广 闻,
鬼子,
国军,
国民党,
国研新闻邮件,
汉风,
核污染,
和平请愿书,
合约,
嘿咻,
黑车,
黑庄,
衡阳万通房产,
洪志,
宏志,
红岗,
红魂网站,
红兽,
胡书记,
胡耀邦,
华人媒体,
华夏文摘快递,
黄菊,
黄局,
黄色,
簧片,
回民,
慧网,
火凤凰,
基督,
激情,
激情大片,
激情电影,
鸡吧,
鸡鸡,
集会,
集体上访,
集体做爱,
几吧,
几巴,
寂寞,
纪元,
假钞,
简鸿章,
江独裁,
江蛤蟆,
江责民,
蒋彦永,
讲事实 要说法,
交媾,
教徒,
结帐,
戒严,
惊暴双乳,
警察,
静坐,
靖国神社,
九-评,
学习班,
压迫,
亚洲自由之声,
燕南评论,
阳痿,
一党专政,
一党专制,
一等奖,
一塌糊涂,
伊斯兰,
伊斯兰运动,
移民,
以身护法,
以血护法,
阴 道,
阴道被捅,
阴胫,
银行联合管理局,
淫,
淫秽,
淫图,
印尼伊斯兰祈祷团,
英语四六级答案,
鹰派,
游行,
诱惑,
幼女,
舆论,
宇宙真理,
语音,
欲望,
圆满,
杂志,
在十月,
糟蹋,
造反,
择民,
泽东,
泽民,
张博涵,
张开双腿,
张林,
张中伟,
找政府评理,
兆赫,
真、善、忍,
真善美,
真相,
真象,
镇压,
正法,
正邪大决战,
政变,
政治风波,
致胡书记的公开信,
中國當局,
中俄边界新约,
中俄密约,
中共,
中共当局,
中共独裁,
中共统治,
中国报禁,
中国泛蓝联盟,
中国改革年代政治斗争,
中国六四真相,
中国民主党联合总部,
中国社会的艾滋病,
中国银联,
中华大地思考,
中奖,
中宣部,
周恩来后悔,
周恩来自责,
周恩来忏悔,
周刊纪事,
周旋,
朱金基,
主席,
主义,
专业代考,
专制,
转化,
紫阳,
自焚,
自杀,
自由网,
自由写作奖,
自由运动,
自主择业,
宗教压迫,
总书记,
走光,
走私,
阻止中华人民共和国统,
做爱经典,
做爱全过程,
做爱挑逗,
作爱,
茳澤民,
咪咪,
嫖娼,
陳水扁,
昝爱宗,
九.评,
九、评,
九码,
巨奖,
军委主席,
军转安置,
军转干部,
开天目,
康涛杰,
抗日,
考后付款,
考前发放,
刻章,
跨世纪的良心犯,
拉丹,
拉登,
来京上访,
蓝丝带,
兰大,
老 婊 子,
老二,
老姜,
老子,
理想信念斗争,
李 洪 志,
李洪宽,
李宏治,
李老师,
李三共志,
李向东,
里藏春,
联合起诉最高人民法院,
联合行动,
联通,
联通贵宾卡,
联通商务通,
联总这声传单,
联总之声,
联总之声传单,
聊聊,
林彪,
林昭纪念奖,
领事馆,
流氓,
流亡,
柳树中学,
六 四,
六●四,
六码,
龙卷风,
娄义,
绿色雨,
论坛,
裸干,
马会,
马克思,
毛都露出,
毛泽东,
毛泽东123,
毛泽东2,
猛男强奸,
孟令伟,
民猪,
民主,
民族问题,
明Hui,
名山县,
命根,
末世论,
奶头真红,
南华早报,
你妈,
牛B,
虐待,
平反,
迫害,
潜在用户,
枪手,
枪支,
窃听王,
清纯,
情色大片,
情色电影,
求购,
群体灭绝,
仁吉旺姆,
人民报讯,
人民大众,
人民大众时事参考,
人民真实报道,
人民之声,
人权,
人渣,
忍无可忍,
日本,
日货,
日你妈,
日他,
日元贷款,
肉棒,
肉洞,
肉体,
肉穴,
三码,
三陪,
三水法轮,
骚 货,
骚逼,
骚穴,
煞笔,
汕尾,
少妇,
少女高潮,
涉日,
生者和死者,
升天,
蔣彥永,
省委大门集合,
省政府大门集合,
师傅,
十七年,
时事参考,
使馆,
示威,
世界通,
试卷、,
试题答案,
刷卡,
刷卡消费,
双腿间的禁地,
水深火热,
税票,
死亡,
四级答案,
苏家屯,
宿命论,
隧道,
台湾,
台湾共合国,
贪官,
贪污犯,
唐家璇,
陶驷驹,
讨伐,
讨伐中宣部,
特等奖,
特价机票,
天安门母亲,
天府广场集会,
舔奶,
通信维权,
同胞书,
突厥斯坦,
涂运普,
推翻社会主义制度,
外蒙,
王八蛋,
王丹,
王秀丽,
亡党,
网通,
温加饱,
文革,
文化大革命,
文学城,
窝囊中国,
我X X你,
我XX你,
我的后讨伐中宣部时代,
我日,
我是回民,
无帮国,
无能,
吴仪,
五套功法,
西藏,
西藏独,
西藏独立,
西藏论坛,
洗脑,
下法轮,
下岗工人,
先天健康法,
现金奖,
现身,
香港明报,
香港总部,
消业论,
晓德,
小弟弟,
小来子,
小平,
小泉,
小泉纯一郎,
小穴,
邪恶,
泄密,
新党,
心藏大恶,
性福,
性交大赛,
性交姿势,
熊焱,
修炼,
畜生,
玄`机,
玄机,
001工程,
16大,
17年,
23条,
4．25事件,
6-4tianwang,
610洗脑班,
89-64cdjp,
9评,
A片,
E周刊,
GCD,
J巴,
SIM卡抽奖,
Soccer01.com,
TMD,
UltraSurf,
X夜激情,
bignews,
bitch,
boxun,
chinaliberal,
chinamz,
chinesenewsnet,
cnd,
creaders,
dajiyuan,
上你,
社保基金会,
社会主义,
沈浩波,
审计署,
生当作人杰之昨日重现,
生鸦片,
省市换班第五代冒起,
圣战,
十大穷人,
十七大权力变更,
十七大人事,
十七大人事安排意见,
十七大人事调整,
十七大未来,
十七大预测,
十七大政治局,
十七换血,
十七届,
十七庆红,
食捻屎,
驶你老母,
驶你母,
世华商务,
水去车仑,
死gm,
死全家,
死亡名单,
宋楚瑜,
宋平一句话,
她妈的,
她马的,
台办,
太监,
摊牌要权,
檀鑫,
天皇,
舔西,
铁道部,
童增,
统计局,
团派,
团派政治明星,
外汇局,
外交部,
王传平,
王建军,
王进东,
王通智,
王维民,
网管,
网上赚钱,
网赚队伍,
往事并不如烟,
威而柔,
微型无线隐型耳机,
卫生部,
温云松,
温总理,
文化部,
文物局,
我妳老爸,
我们剩下甚么,
吴镇南,
五出三进,
西藏天葬,
西山会议,
希拉克,
希特勒,
夏春荣,
鲜族,
乡巴佬,
小日本,
肖爱玲,
谢小庆,
新华社,
新闻办,
信访局,
信息产业部,
星亚网络影视公司,
徐建国,
逊克农场26队,
丫头养的,
亚洲周刊,
烟草局,
耶和华,
叶剑英,
中共权斗,
中共权利斗争,
中共十七布局,
中共十七大的基层选举,
中共十七大前夕,
中共十七大前夕人事布局出手既稳又重,
中共十七大热门人选,
梦网洪志,
中共十七热门人选,
中共十七人事,
中共十七人事变动,
中共十七人选,
中共伪政权,
中共心中最大的恐惧,
中共政坛腐败内幕,
中共政治新星,
中共中央,
中国报禁怎样开,
中国高层权力斗争,
中国高层人事变动解读,
中国共产党,
中国媒体十大事件,
中国太子,
中国在统一问题上的投降主义,
中国政坛“清华帮”盛极而衰,
中国政坛新星中的四大天王,
中国政治新星,
中南海波澜起伏,
中南海斗争,
中南海高层权利斗争,
中南海惊现东宫小朝廷,
中南海秘闻,
中南海权力斗争,
中央派系斗争,
中央团系,
中央召开北戴河会议决定十七大高层人事,
中央政治局,
中医药局,
中移动,
重新评定,
周恩来,
周国强,
朱成虎,
朱德,
朱总理,
猪的梦,
总书记红人,
总统号,
昨日重现,
睾,
運動,
鸠,
鸠屎,
K你妈,
UP新势力,
按摩,
白粉,
绑架,
保健按摩,
波霸,
成人频道,
成人生活片,
大B,
赌球,
兑奖电话,
发瞟,
罚抡,
罚伦,
罚仑,
罚沦,
罚纶,
罚囵,
筏抡,
筏轮,
筏伦,
筏仑,
筏沦,
筏纶,
筏论,
筏囵,
伐抡,
伐轮,
伐伦,
伐仑,
伐沦,
伐论,
伐囵,
乏抡,
乏轮,
乏伦,
乏仑,
乏沦,
乏纶,
乏论,
乏囵,
阀抡,
阀伦,
阀仑,
阀沦,
阀纶,
阀论,
阀囵,
珐抡,
珐轮,
珐伦,
珐仑,
珐沦,
珐纶,
珐论,
珐囵,
高息贷款,
各种发票,
恭喜你的号码,
恭喜您的号码,
虹志,
鸿志,
弘志,
红志,
加入非法字符,
客户端非法字符,
妈的B,
妈的b,
马英九,
迷奸,
男女公关,
你妈铋,
泡妞,
十七大,
套牌车,
投注,
透视镜,
万能钥匙,
性伴侣,
性服务,
性感,
诱奸,
指定银行帐号,
中南海,
中央军委,
垡抡,
垡轮,
垡伦,
垡仑,
垡沦,
垡纶,
垡论,
垡囵,
荭志,
闳志,
泓志,
砝抡,
砝轮,
砝伦,
砝仑,
砝沦,
砝纶,
砝论,
砝囵,
